{
    "loss": 0.04188693314790726,
    "accuracy": 0.971222996711731
}