{
    "loss": 0.14360298216342926,
    "accuracy": 0.9568345546722412
}